ID;IMO;Navio;Berço;start;end;Natureza;Agência;Sentido
1;9959785;BOUNTY DIVA;FOSPAR EXTERNO;15/10/2024 14:12;23/10/2024 12:36;Granel Sólido;COMERGE SHIPPING CO.;Importação
2;9729312;OCEAN SAGA;FOSPAR EXTERNO;23/10/2024 16:40;28/10/2024 16:35;Granel Sólido;PRIMEROSE SHIPPING CO.LTD;Importação
3;9591703;SHI DAI 9;FOSPAR EXTERNO;28/10/2024 17:36;04/11/2024 07:15;Granel Sólido;SHANGHAI TIME SHIPPING CO LTD;Importação
4;9738222;RED MARLIN;FOSPAR EXTERNO;05/11/2024 14:36;14/11/2024 02:50;Granel Sólido;WAKOH PANAMA S.A;Importação
5;9937268;ELITE DIVA;FOSPAR EXTERNO;14/11/2024 05:18;19/11/2024 18:20;Granel Sólido;SOUTHERN ROUTE MARITIME S.A;Importação
6;9785988;DUKE SANTOS;FOSPAR EXTERNO;19/11/2024 19:12;29/11/2024 06:00;Granel Sólido;LOUIS DREYFUS COMMODITIES ASIA PTE. LTD.;Importação
7;9649108;DENSA PUMA;FOSPAR INTERNO;30/10/2024 14:28;06/11/2024 20:20;Granel Sólido;COBELFRET BULK CARRIER N.V;Importação
8;9514822;AGAPI S;B201 - CORREDOR OESTE;13/10/2024 11:30;14/10/2024 13:55;Granel Sólido;BRIGHT NAVIGATION INC;Importação
9;9479333;KM SHANGHAI;B201 - CORREDOR OESTE;15/10/2024 01:15;18/10/2024 14:20;Granel Sólido;KUANG MING CORP;Exportação
10;9708978;EGRET RIVER;B201 - CORREDOR OESTE;18/10/2024 15:20;20/10/2024 06:35;Granel Sólido;NORVIC SHIPPING INTERNATIONAL LTD;Importação
11;9708978;EGRET RIVER;B201 - CORREDOR OESTE;21/10/2024 17:45;29/10/2024 09:20;Granel Sólido;NORVIC SHIPPING INTERNATIONAL LTD;Importação
12;9766188;FEDERAL MOSEL;B201 - CORREDOR OESTE;29/10/2024 10:00;31/10/2024 20:05;Granel Sólido;CANADA JUPITER MARITIME CO., LTD;Importação
13;9393450;DRAWSKO;B201 - CORREDOR OESTE;31/10/2024 20:50;03/11/2024 13:30;Granel Sólido;COE 2 SEA GMBH;Importação
14;9580039;MOUNT HIKURANGI;B201 - CORREDOR OESTE;03/11/2024 14:20;07/11/2024 01:55;Granel Sólido;PACIFIC BASIN SHIPPING HK LTD;Importação
15;9182954;STAR ISTIND;B201 - CORREDOR OESTE;07/11/2024 12:00;11/11/2024 02:22;Carga Geral;G2 OCEAN AS;Exportação
16;9612313;FEDERICA;B201 - CORREDOR OESTE;20/11/2024 07:45;27/11/2024 21:55;Granel Sólido;NORDEN A/S;Importação
17;9583146;ARUNA NAZIK;BERÇO 202;21/10/2024 16:00;23/10/2024 08:42;Granel Sólido;OLDENDORFF CARRIERS GMBH & CO;Importação
18;9624172;ELIAS;BERÇO 202;23/10/2024 09:00;02/11/2024 01:05;Carga Geral;MARYAM SHIPPING S.A;Exportação
19;9831531;CENTURY QUEEN;BERÇO 202;02/11/2024 07:00;13/11/2024 13:40;Granel Sólido;DOWA LINE AMERICAN CO LTD;Exportação
20;9554066;GANT FLAIR;BERÇO 202;14/11/2024 20:40;18/11/2024 11:55;Granel Sólido;SEATRANS MARINE LTD-LIB;Exportação
21;9377963;SILVER LAKE;BERÇO 202;18/11/2024 16:05;21/11/2024 20:05;Granel Sólido;LAKE STEVEN'S LIMITED ATENCIOSAMENTE,;Importação
22;9607083;PETREL ARROW;BERÇO 202;22/11/2024 13:58;25/11/2024 07:02;Carga Geral;G2 OCEAN A/S;Exportação
23;9079212;INTEGRADOR;BERÇO 202;25/11/2024 12:20;25/11/2024 17:05;RO-RO;RORO SHIPPING COMPANY;Exportação
24;9613850;SAGA FRIGG;BERÇO 202;26/11/2024 18:50;28/11/2024 14:20;Granel Sólido;SAGA WELCO AS;Exportação
25;9659749;CANADA PEARL;BERÇO 202;28/11/2024 20:10;29/11/2024 11:00;Granel Sólido;CANADA STAR SHIPPING CO. LTD.;Exportação
26;9583146;ARUNA NAZIK;BERÇO 204 PASA;12/10/2024 07:00;20/10/2024 06:30;Granel Sólido;OLDENDORFF CARRIERS GMBH & CO;Importação
27;9687136;UNITY NORTH;BERÇO 204 PASA;21/10/2024 20:20;23/10/2024 07:50;Granel Sólido;BERLIAN STEAMSHIP INC.;Exportação
28;9478585;KEY OHANA;BERÇO 204 PASA;23/10/2024 09:00;25/10/2024 04:20;Granel Sólido;LOUIS DREYFUS COMPANY SUISSE SA;Exportação
29;9979333;THERESA BREEZE;BERÇO 204 PASA;25/10/2024 05:30;26/10/2024 09:25;Granel Sólido;RAFFLES SHIPPING AND INVESTMENT PTE LTD;Exportação
30;9299290;SPAR CANIS;BERÇO 204 PASA;26/10/2024 12:00;28/10/2024 23:50;Granel Sólido;THE CHINA NAVIGATION CO PTE LTD;Exportação
31;9609225;ND THELXIS;BERÇO 204 PASA;29/10/2024 01:00;30/10/2024 13:20;Granel Sólido;IMPETUS MARITIME LTD-MAI;Exportação
32;9941946;MARIMYR A;BERÇO 204 PASA;30/10/2024 14:00;01/11/2024 23:40;Granel Sólido;TRITHORN BULK AS NO WEPAPPA;Exportação
33;9303065;STRANGE ATTRACTOR;BERÇO 204 PASA;02/11/2024 02:34;06/11/2024 04:03;Granel Sólido;MITSUI O. S. K. LINES LTD.;Exportação
34;9228227;SEA MOON;BERÇO 204 PASA;11/11/2024 20:20;13/11/2024 06:08;Granel Sólido;SEA MOON SHIPPING & TRADING SA;Exportação
35;9228227;SEA MOON;BERÇO 204 PASA;14/11/2024 19:10;15/11/2024 06:25;Granel Sólido;SEA MOON SHIPPING & TRADING SA;Exportação
36;9718143;TOMINI SYMPHONY;BERÇO 204 PASA;15/11/2024 08:14;18/11/2024 01:11;Granel Sólido;PRIMETRANSPORT LTD;Exportação
37;9691486;IVONE;BERÇO 204 PASA;18/11/2024 02:25;18/11/2024 23:45;Granel Sólido;GOLDEN ARROW MARITIME CO SA;Exportação
38;9520780;XO COPENHAGEN;BERÇO 204 PASA;19/11/2024 01:40;20/11/2024 11:35;Granel Sólido;XO SHIPPING A/S;Exportação
39;9492086;DIANE;BERÇO 204 PASA;20/11/2024 14:40;25/11/2024 04:20;Granel Sólido;CHARTERWELL MARITIME SA;Exportação
40;9691591;NORD STARK;BERÇO 204 PASA;25/11/2024 05:38;26/11/2024 02:32;Granel Sólido;VITERRA CHARTERING B.V.;Exportação
41;9279513;LIGARI;BERÇO 204 PASA;26/11/2024 03:20;28/11/2024 08:00;Granel Sólido;ENGELHART COMMODITIES TRADING PARTNERS (SWITZERLAND) SA;Exportação
42;9389215;ANASA;BERÇO 204 PASA;28/11/2024 10:30;30/11/2024 10:25;Granel Sólido;SANASIRI SHIPPING CO,LIMITED;Exportação
43;9828314;STAR ALTAIR;BERÇO 204 PASA;30/11/2024 11:10;02/12/2024 13:00;Granel Sólido;BLUE FLEET MANAGEMENT CO. LTD;Exportação
44;9542829;ROMANDIE;BERÇO 205;21/10/2024 13:35;23/10/2024 15:50;Granel Sólido;SUISSE ATLANTIQUE;Exportação
45;9497452;NJ CALLISTO;BERÇO 205;29/10/2024 04:10;15/11/2024 01:45;Granel Sólido;NJ CALLISTO MARITIME COMPANY LTD;Exportação
46;9488217;WU YI HAI;BERÇO 205;16/11/2024 16:10;18/11/2024 17:55;Granel Sólido;COSCO SHIPPING CO. LTD.;Importação
47;9514406;ANNA-META;BERÇO 205;18/11/2024 20:20;27/11/2024 07:20;Granel Sólido;BLUMENTHAL ASIA PTE LTD;Importação
48;9527415;ELEEN EVA;BERÇO 205;27/11/2024 08:11;02/12/2024 06:06;Granel Sólido;NORVIC SHIPPING INTERNATIONAL LTD;Importação
49;9330317;NAVIOS HELIOS;BERÇO 208;13/10/2024 07:00;16/10/2024 04:20;Granel Sólido;CARGILL INTERNATIONAL S.A.;Importação
50;9464003;ANANYA NAREE;BERÇO 208;16/10/2024 09:03;20/10/2024 01:17;Granel Sólido;PRECIOUS FORESTS LIMITED;Importação
51;9703813;BEN 1;BERÇO 208;20/10/2024 03:50;21/10/2024 13:30;Granel Sólido;BANC OF AMERICA LEASING CAPITAL, LLC;Importação
52;9703813;BEN 1;BERÇO 208;23/10/2024 13:15;27/10/2024 01:15;Granel Sólido;BANC OF AMERICA LEASING CAPITAL, LLC;Importação
53;9700354;AYE EVOLUTION;BERÇO 208;27/10/2024 05:40;31/10/2024 03:05;Granel Sólido;FUKUNAGA KAIUN KK;Importação
54;9950313;HSL HONOLULU;BERÇO 208;31/10/2024 08:10;07/11/2024 13:20;Granel Sólido;WEALTH LINE INC.;Importação
55;9747053;ADASUN;BERÇO 208;07/11/2024 14:00;11/11/2024 23:45;Granel Sólido;ADASUN SHIPPING LTD;Importação
56;9838541;PORT OSAKA;BERÇO 208;12/11/2024 01:09;13/11/2024 17:40;Granel Sólido;PORTLINE BULK INTERNATIONAL SA;Importação
57;9669380;GOOD HEART;BERÇO 208;13/11/2024 19:20;19/11/2024 19:55;Granel Sólido;PACIFIC BASIN SHIPPING;Importação
58;9317145;S-BREEZE;BERÇO 208;19/11/2024 23:35;27/11/2024 17:50;Granel Sólido;FOCUS MARE LTD;Importação
59;9370006;KALLONE;BERÇO 208;27/11/2024 19:05;02/12/2024 07:05;Granel Sólido;AIMS SHIPPING CORPORATION;Importação
60;9479034;MALTEZA;FERTILIZANTE 209;14/10/2024 05:00;21/10/2024 13:20;Granel Sólido;WL MANAGEMENT BV;Importação
61;9479034;MALTEZA;FERTILIZANTE 209;23/10/2024 19:20;24/10/2024 13:40;Granel Sólido;WL MANAGEMENT BV;Importação
62;9642796;ARGEUS;FERTILIZANTE 209;24/10/2024 18:10;10/11/2024 11:53;Granel Sólido;MAX OCEAN SHIPPING LIMITED;Importação
63;9968982;CAPE SPENCER;FERTILIZANTE 209;10/11/2024 12:50;14/11/2024 05:55;Granel Sólido;S.T. LINE S.A;Importação
64;9720299;ASTRO VEGA;FERTILIZANTE 209;14/11/2024 06:20;25/11/2024 16:30;Granel Sólido;TRI BULK SHIPPING LTD.;Importação
65;9502776;AGIOS NIKOLAOS;FERTILIZANTE 209;25/11/2024 16:55;01/12/2024 06:55;Granel Sólido;OLDENDORFF CARRIERS GMBH CO.KG;Importação
66;9805790;TAHO EUROPE;FERTILIZANTE 211;16/10/2024 17:25;22/10/2024 22:50;Granel Sólido;THC INTERNATIONAL S.A;Importação
67;9303065;STRANGE ATTRACTOR;FERTILIZANTE 211;24/10/2024 19:30;30/10/2024 19:00;Granel Sólido;MITSUI O. S. K. LINES LTD.;Importação
68;9503976;EQUINOX STAR;FERTILIZANTE 211;30/10/2024 19:40;06/11/2024 00:50;Granel Sólido;MERIDIAN BULK CARRIERS LTD.;Importação
69;9860661;BELFUJI;FERTILIZANTE 211;06/11/2024 00:55;11/11/2024 18:45;Granel Sólido;BRIGHT CARRIER S.A;Importação
70;9593804;ZHENG JUN;FERTILIZANTE 211;11/11/2024 21:00;20/11/2024 00:50;Granel Sólido;FUJIAN OCEAN SHIPPING;Importação
71;9530632;IOLCOS AMBITION;CORREDOR 212;14/10/2024 12:50;17/10/2024 23:55;Granel Sólido;ENGELHART COMMODITIES TRADING PARTNERS (SWITZERLAND) SA;Exportação
72;9877858;SDTR CELESTE;CORREDOR 212;18/10/2024 00:43;23/10/2024 02:00;Granel Sólido;LOUIS DREYFUS COMMODITIES SUISSE S.A.;Exportação
73;9974010;ROYAL RESPECT;CORREDOR 212;24/10/2024 20:18;27/10/2024 06:30;Granel Sólido;LEO OCEAN S.A;Exportação
74;9621895;WHITE DEFENDER;CORREDOR 212;27/10/2024 14:50;29/10/2024 04:20;Granel Sólido;NAVIGATION MARITIME BULGARE;Exportação
75;9355513;STAR MINERVA;CORREDOR 212;29/10/2024 07:28;29/10/2024 16:12;Granel Sólido;G2 OCEAN A/S;Exportação
76;9852523;GOLDEN FORTUNE;CORREDOR 212;29/10/2024 18:00;01/11/2024 23:20;Granel Sólido;COFCO INTERNATIONAL FREIGHT SA;Exportação
77;9514822;AGAPI S;CORREDOR 212;02/11/2024 00:40;04/11/2024 17:20;Granel Sólido;BRIGHT NAVIGATION INC;Importação
78;9370769;STAR BIANCA;CORREDOR 212;04/11/2024 18:50;08/11/2024 07:10;Granel Sólido;OLAM INTERNATIONAL LIMITED;Exportação
79;9597795;TINOS;CORREDOR 212;08/11/2024 08:45;11/11/2024 20:50;Granel Sólido;LOUIS DREYFUS COMMODITIES SUISSE S.A.;Exportação
80;9617662;MARIGOULA;CORREDOR 212;12/11/2024 02:55;20/11/2024 07:10;Granel Sólido;MILLENARY SHIPPING LTD;Importação
81;9600657;ANTIPAROS;CORREDOR 212;14/11/2024 08:30;19/11/2024 01:25;Granel Sólido;ANTIPAROS MARITIME CORPORATION IMO 1422822;Exportação
82;9523251;STAR AMETHYST;CORREDOR 212;19/11/2024 02:05;24/11/2024 17:00;Granel Sólido;AURIGA SHIPPING CORPORATION;Exportação
83;9971496;SHINE PEARL;CORREDOR 212;24/11/2024 18:15;28/11/2024 06:50;Granel Sólido;BUNGE S/A;Exportação
84;9580053;PATRIA;CORREDOR 212;28/11/2024 08:00;30/11/2024 07:20;Granel Sólido;PACIFIC BASIN SHIPPING (UK) LIMITED;Importação
85;9401477;STAR DANAI;CORREDOR 213;13/10/2024 06:40;16/10/2024 23:25;Granel Sólido;STAR TRIDENT II LLC;Exportação
86;9642045;JUMEIRAH BEACH;CORREDOR 213;17/10/2024 00:20;18/10/2024 06:25;Granel Sólido;JUMEIRAH BEACH LTD;Exportação
87;9652569;MAPLE ARROW;CORREDOR 213;18/10/2024 07:53;20/10/2024 18:50;Carga Geral;G2 OCEAN AS;Exportação
88;9875197;IDA;CORREDOR 213;21/10/2024 16:30;23/10/2024 13:55;Granel Sólido;AZUMA;Exportação
89;9245249;SEA PEARL;CORREDOR 213;24/10/2024 20:30;26/10/2024 16:50;Granel Sólido;SEA PEARL MARITIME LTD;Exportação
90;9474723;NIKOLAS D;CORREDOR 213;26/10/2024 17:35;30/10/2024 21:45;Granel Sólido;GOLDEN UNION SHIPPING CO;Exportação
91;9313307;GLORIA;CORREDOR 213;04/11/2024 07:15;08/11/2024 02:55;Granel Sólido;ORION REEDEREI GMBH & CO KG;Exportação
92;9785603;FARAH LOUISE;CORREDOR 213;08/11/2024 03:25;12/11/2024 07:15;Granel Sólido;LUCRETIA SHIPPING S.A;Exportação
93;9870458;DUCHESS ROSARIO;CORREDOR 213;12/11/2024 11:40;17/11/2024 01:15;Granel Sólido;LOUIS DREYFUS COMMODITIES SUISSE S.A.;Exportação
94;9583768;LEDA C;CORREDOR 214;12/10/2024 13:50;14/10/2024 09:25;Granel Sólido;HAMON MARINE S.A.;Exportação
95;9736286;QUEENA;CORREDOR 214;14/10/2024 12:40;18/10/2024 14:55;Granel Sólido;CARGILL INTERNATIONAL S.A.;Exportação
96;9363132;IOLE R;CORREDOR 214;19/10/2024 17:45;23/10/2024 19:30;Granel Sólido;PRAXIS NAVIGATION SA;Exportação
97;9232802;CEDAR ARROW;CORREDOR 214;25/10/2024 03:18;25/10/2024 14:00;Carga Geral;G2 OCEAN AS;Exportação
98;9911733;NEW WAVELET;CORREDOR 214;25/10/2024 19:05;29/10/2024 13:40;Granel Sólido;BUNGE S/A;Exportação
99;9464895;AGIA VALENTINI;CORREDOR 214;29/10/2024 14:20;01/11/2024 02:30;Granel Sólido;COFCO INTERNATIONAL FREIGHT SA;Exportação
100;9646429;GLORIEUSE;CORREDOR 214;01/11/2024 03:50;05/11/2024 15:20;Granel Sólido;BLUE FLEET MANAGEMENT CO. LTD;Importação
101;9546239;VIGOROUS;CORREDOR 214;06/11/2024 17:30;11/11/2024 14:30;Granel Sólido;VIGOROUS TRADING & SHIPPING COMPANY;Importação
102;9738222;RED MARLIN;CORREDOR 214;16/11/2024 16:05;19/11/2024 10:50;Granel Sólido;WAKOH PANAMA S.A;Exportação
103;9981300;EMERALD SHENGSI;CORREDOR 214;20/11/2024 15:55;25/11/2024 23:20;Granel Sólido;CARGILL INTERNATIONAL S.A.;Exportação
104;9744984;TIGER LILY;CORREDOR 214;26/11/2024 00:15;29/11/2024 12:05;Granel Sólido;LUCRETIA SHIPPING S.A;Exportação
105;9253210;GRANDE BUENOS AIRES;BERÇO 215;10/10/2024 03:30;10/10/2024 20:30;RO-RO;GRIMALDI CO. DI NAVEGAZIONE SP;Exportação & Importação
106;9465370;GRANDE TOGO;BERÇO 215;11/10/2024 19:45;12/10/2024 12:50;RO-RO;GRIMALDI DEEP SEA SPA;Exportação & Importação
107;9976202;SEATRADE CHILE;BERÇO 215;14/10/2024 10:20;14/10/2024 18:10;Full Conteiner;SEA LEAD SHIPPING PTE. LTD.;Exportação & Importação
108;9079212;INTEGRADOR;BERÇO 215;15/10/2024 14:00;16/10/2024 02:50;RO-RO;RORO SHIPPING COMPANY;Importação
109;9262118;XIN CHONG QING;BERÇO 215;19/10/2024 16:30;19/10/2024 23:55;Full Conteiner;SHANGHAI XIN YUAN HAI JI FINACIAL LEASING CO.;Exportação & Importação
110;9246592;GRANDE FRANCIA;BERÇO 215;21/10/2024 06:40;21/10/2024 22:15;RO-RO;GRIMALDI DEEP SEA SPA;Exportação & Importação
111;9680712;GRANDE ABIDJAN;BERÇO 215;22/10/2024 14:20;23/10/2024 12:20;RO-RO;GRIMALDI DEEP SEA SPA;Exportação & Importação
112;9253026;ANNIE B;BERÇO 215;24/10/2024 05:00;24/10/2024 17:50;Full Conteiner;ZIM INTEGRATED SHIPPING SERVICE;Exportação & Importação
113;9347607;HYUNDAI GOODWILL;BERÇO 215;25/10/2024 18:50;26/10/2024 08:30;Full Conteiner;HMM CO., LTD.;Exportação & Importação
114;9302102;RDO ENDEAVOUR;BERÇO 215;26/10/2024 11:58;27/10/2024 04:15;Full Conteiner;OCEAN NETWORK EXPRESS PTE. LTD;Exportação & Importação
115;9491501;ESCAPE;BERÇO 215;27/10/2024 05:40;27/10/2024 22:50;Full Conteiner;SEA LEAD SHIPPING PTE. LTD.;Exportação & Importação
116;9531909;HANS SCHULTE;BERÇO 215;28/10/2024 00:30;29/10/2024 13:05;Full Conteiner;BERNHARD SCHULTE SHIP MANAGEMENT PVT. LTD.;Exportação & Importação
117;9458999;BROOKLYN BRIDGE;BERÇO 215;29/10/2024 13:20;29/10/2024 23:10;Full Conteiner;OCEAN NETWORK EXPRESS PTE. LTD;Exportação & Importação
118;9480174;MSC ALICANTE;BERÇO 215;30/10/2024 17:35;31/10/2024 00:50;Full Conteiner;MSC MEDITERRANEAN SHIPPING COMPANY;Exportação & Importação
119;9491472;ESPOIR;BERÇO 215;31/10/2024 01:30;31/10/2024 09:15;Full Conteiner;SEA LEAD SHIPPING PTE. LTD.;Exportação & Importação
120;9262118;XIN CHONG QING;BERÇO 215;01/11/2024 00:40;01/11/2024 08:20;Full Conteiner;SHANGHAI XIN YUAN HAI JI FINACIAL LEASING CO.;Exportação & Importação
121;9686912;JAMAICA EXPRESS;BERÇO 215;01/11/2024 08:50;02/11/2024 14:00;Full Conteiner;HAPAG LLOYD AKTIENGESELLSCHATT;Exportação & Importação
122;9976458;GREEN RIO DE JANEIRO;BERÇO 215;02/11/2024 14:10;03/11/2024 10:40;Carga Geral;XIANG H96 INTERNATIONAL SHIP LEASE CO., LIMITED;Exportação & Importação
123;9565546;CHESAPEAKE HIGHWAY;BERÇO 215;03/11/2024 17:20;04/11/2024 02:45;PCC;KAWASAKI KISEN KAISHA LTD;Exportação & Importação
124;9778399;BRIGHT;BERÇO 215;04/11/2024 03:35;04/11/2024 12:00;Full Conteiner;MS BRIGHT SCHIFFAHRTSGESELLSSCHAFT MBH & CO. KG;Exportação & Importação
125;9079212;INTEGRADOR;BERÇO 215;04/11/2024 12:50;04/11/2024 17:55;RO-RO;RORO SHIPPING COMPANY;Exportação & Importação
126;9672088;GRANDE LAGOS;BERÇO 215;05/11/2024 17:00;08/11/2024 05:30;RO-RO;GRIMALDI DEEP SEA SPA;Exportação & Importação
127;9310109;LIBERTY;BERÇO 215;08/11/2024 07:00;08/11/2024 15:20;RO-RO;WALLENIUS WILHELMSEN LOGISTICS;Exportação & Importação
128;9246580;GRANDE NIGERIA;BERÇO 215;08/11/2024 19:10;09/11/2024 14:55;RO-RO;GRIMALDI DEEP SEA SPA;Exportação & Importação
129;9080297;TANABATA;BERÇO 215;09/11/2024 19:40;09/11/2024 23:42;RO-RO;WALLENIUS WILHELMSEN LOGISTICS;Exportação & Importação
130;9660798;RCC AMSTERDAM;BERÇO 215;10/11/2024 04:35;10/11/2024 16:05;RO-RO;HYUNDAI GLOVIS CO., LTD;Exportação & Importação
131;9241190;CHLOE D;BERÇO 215;10/11/2024 16:40;11/11/2024 05:45;Full Conteiner;ZIM INTEGRATED SHIPPING SERVICE;Exportação & Importação
132;9256418;HONG PROSPERITY;BERÇO 215;11/11/2024 13:30;11/11/2024 23:40;Full Conteiner;M CONTAINER LINE DENIZCILIK VE TICARET LIMITED SIR;Exportação & Importação
133;9428413;FLORIJNGRACHT;BERÇO 215;12/11/2024 01:20;12/11/2024 16:18;Carga Geral;Spliethoff Transport B.V.;Exportação
134;9079212;INTEGRADOR;BERÇO 215;13/11/2024 11:15;13/11/2024 18:35;RO-RO;RORO SHIPPING COMPANY;Exportação & Importação
135;9990167;YU AN;BERÇO 215;14/11/2024 02:25;14/11/2024 20:30;Carga Geral;COSCO SHIPPING CO. LTD.;Importação
136;9478494;NAVIOS DOMINO;BERÇO 215;15/11/2024 03:20;15/11/2024 14:49;Full Conteiner;OCEAN NETWORK EXPRESS PTE. LTD;Exportação & Importação
137;9950090;CAPE BYRON;BERÇO 215;15/11/2024 15:45;16/11/2024 02:50;Full Conteiner;SEA LEAD SHIPPING PTE. LTD.;Exportação & Importação
138;9701140;GOODWOOD;BERÇO 215;18/11/2024 13:00;19/11/2024 08:15;RO-RO;KAWASAKI KISEN KAISHA LTD;Exportação & Importação
139;9976202;SEATRADE CHILE;BERÇO 215;19/11/2024 09:50;19/11/2024 19:15;Full Conteiner;SEA LEAD SHIPPING PTE. LTD.;Exportação & Importação
140;9395953;ZIM BALTIMORE;BERÇO 215;17/11/2024 18:20;18/11/2024 07:15;Full Conteiner;ZIM INTEGRATED SHIPPING SERVICE;Exportação & Importação
141;9976422;GREEN RIO GRANDE;BERÇO 215;19/11/2024 20:00;20/11/2024 06:25;Carga Geral;COSCO SHIPPING CO. LTD.;Exportação & Importação
142;9612765;NC BREDA;BERÇO 215;21/11/2024 11:30;22/11/2024 07:00;Full Conteiner;NILE DUTCH AFRICA LINE BV;Exportação & Importação
143;9360910;SEATTLE C;BERÇO 215;22/11/2024 07:30;22/11/2024 19:25;Full Conteiner;COSCO SHIPPING LINES CO LTD;Exportação & Importação
144;9324837;NAVIOS VERMILION;BERÇO 215;22/11/2024 22:20;23/11/2024 10:20;Full Conteiner;COSCO SHIPPING LINES CO LTD;Exportação & Importação
145;9953391;IRENES WISDOM;BERÇO 215;24/11/2024 07:05;25/11/2024 12:25;Full Conteiner;HAPAG LLOYD AKTIENGESELLSCHATT;Exportação & Importação
146;9187320;NZ NINGBO;BERÇO 215;25/11/2024 14:30;26/11/2024 03:50;Full Conteiner;LIMITED COMPANY MDL FORWARDING;Exportação & Importação
147;9357327;GARNET LEADER;BERÇO 215;26/11/2024 06:10;26/11/2024 12:50;PCC;NYK NIPPON YUSEN KAISHA LINE;Exportação & Importação
148;9724738;GRANDE LUANDA;BERÇO 215;27/11/2024 05:50;28/11/2024 05:50;RO-RO;GRIMALDI DEEP SEA SPA;Exportação & Importação
149;9612791;NC BRAVO;BERÇO 215;28/11/2024 06:30;28/11/2024 23:00;Full Conteiner;NILE DUTCH AFRICA LINE BV;Exportação & Importação
150;9246607;GRANDE AMBURGO;BERÇO 215;29/11/2024 00:50;30/11/2024 05:20;RO-RO;GRIMALDI DEEP SEA SPA;Exportação & Importação
151;9372810;POLARIS LEADER;BERÇO 215;30/11/2024 08:00;01/12/2024 00:35;PCC;NYK NIPPON YUSEN KAISHA LINE;Exportação & Importação
152;9399753;AS CASPRIA;BERÇO 215;01/12/2024 18:40;02/12/2024 13:10;Full Conteiner;ZIM INTEGRATED SHIPPING SERVICE;Exportação & Importação
153;9953561;IRENES RULE;BERÇO 215;02/12/2024 16:50;03/12/2024 14:15;Full Conteiner;HAPAG - LLOYD CONTAINER LINE;Exportação & Importação
154;9612777;NC BRUMA;BERÇO 216;10/10/2024 12:30;10/10/2024 22:40;Full Conteiner;HAPAG - LLOYD CONTAINER LINE;Exportação & Importação
155;9793935;NAVEGANTES EXPRESS;BERÇO 216;10/10/2024 23:40;11/10/2024 14:10;Full Conteiner;HAPAG - LLOYD CONTAINER LINE;Exportação & Importação
156;9777175;CAPE ARTEMISIO;BERÇO 216;12/10/2024 13:30;13/10/2024 05:50;Full Conteiner;HAPAG - LLOYD CONTAINER LINE;Exportação & Importação
157;9770763;MSC GAYANE;BERÇO 216;14/10/2024 01:10;14/10/2024 20:20;Full Conteiner;MSC MEDITERRANEAN SHIPPING COMPANY;Exportação & Importação
158;9367188;BREMEN BELLE;BERÇO 216;14/10/2024 21:46;15/10/2024 19:20;Full Conteiner;MAERSK SHIPPING HONG KONG LTD.;Exportação & Importação
159;9686912;JAMAICA EXPRESS;BERÇO 216;15/10/2024 19:55;16/10/2024 13:30;Full Conteiner;HAPAG LLOYD AKTIENGESELLSCHATT;Exportação & Importação
160;9312573;XIN WEI HAI;BERÇO 216;16/10/2024 13:40;16/10/2024 19:35;Full Conteiner;COSCO SHIPPING LINES CO LTD;Exportação & Importação
161;9953561;IRENES RULE;BERÇO 216;16/10/2024 21:20;17/10/2024 13:20;Full Conteiner;HAPAG - LLOYD CONTAINER LINE;Exportação & Importação
162;9619464;MSC AGADIR;BERÇO 216;17/10/2024 16:15;18/10/2024 09:20;Full Conteiner;MSC MEDITERRANEAN SHIPPING COMPANY;Exportação & Importação
163;9448803;COSCO PRINCE RUPERT;BERÇO 216;18/10/2024 09:50;19/10/2024 01:20;Full Conteiner;COSCO SHIPPING LINES CO LTD;Exportação & Importação
164;9197545;MSC ILLINOIS VII;BERÇO 216;19/10/2024 17:15;20/10/2024 09:30;Full Conteiner;MSC MEDITERRANEAN SHIPPING DO BRASIL LTDA;Exportação & Importação
165;9793923;SEASPAN HARRIER;BERÇO 216;20/10/2024 10:50;21/10/2024 00:55;Full Conteiner;OCEAN NETWORK EXPRESS PTE. LTD;Exportação & Importação
166;9778076;MSC SHUBA B;BERÇO 216;21/10/2024 02:00;21/10/2024 12:25;Full Conteiner;MSC MEDITERRANEAN SHIPPING COMPANY;Exportação & Importação
167;9227273;IRENES RESOLVE;BERÇO 216;21/10/2024 13:40;22/10/2024 06:45;Full Conteiner;NILE DUTCH AFRICA LINE BV;Exportação & Importação
168;9480186;MSC BARCELONA;BERÇO 216;22/10/2024 08:00;23/10/2024 01:10;Full Conteiner;REEDEREI NORD KLAUS E. OLDENDORFF GMBH;Exportação & Importação
169;9969998;CATHERINE C;BERÇO 216;23/10/2024 09:40;23/10/2024 18:10;Full Conteiner;DANAOS SHIPPING CO. LTD.;Exportação & Importação
170;9332860;BF HAMBURG;BERÇO 216;23/10/2024 19:10;24/10/2024 04:20;Full Conteiner;MSC MEDITERRANEAN SHIPPING DO BRASIL LTDA;Exportação & Importação
171;9612791;NC BRAVO;BERÇO 216;24/10/2024 08:25;24/10/2024 23:55;Full Conteiner;NILE DUTCH AFRICA LINE BV;Exportação & Importação
172;9526928;MAERSK LAVRAS;BERÇO 216;27/10/2024 18:12;28/10/2024 05:20;Full Conteiner;MAERSK LINE A/S;Exportação & Importação
173;9267637;MSC PEGASUS VII;BERÇO 216;27/10/2024 01:00;27/10/2024 17:55;Full Conteiner;MSC MEDITERRANEAN SHIPPING DO BRASIL LTDA;Exportação & Importação
174;9633941;CAP SAN MALEAS;BERÇO 216;28/10/2024 06:32;29/10/2024 05:44;Full Conteiner;GREEN SPANKER SHIPPING S.A;Exportação & Importação
175;9687576;CISNES;BERÇO 216;29/10/2024 06:40;30/10/2024 06:20;Full Conteiner;HAPAG LLOYD AKTIENGESELLSCHATT;Exportação & Importação
176;9945863;COSCO SHIPPING MEXICO;BERÇO 216;30/10/2024 07:30;30/10/2024 21:30;Full Conteiner;COSCO SHIPPING LINES CO LTD;Exportação & Importação
177;9327798;MSC LOS ANGELES;BERÇO 216;30/10/2024 22:50;31/10/2024 15:15;Full Conteiner;MSC MEDITERRANEAN SHIPPING COMPANY;Exportação & Importação
178;9347566;HYUNDAI FORCE;BERÇO 216;31/10/2024 16:25;01/11/2024 07:20;Full Conteiner;HMM CO., LTD.;Exportação & Importação
179;9622239;SAN AUGUSTIN MAERSK;BERÇO 216;01/11/2024 15:27;02/11/2024 08:25;Full Conteiner;MAERSK LINE A/S;Exportação & Importação
180;9343974;MAERSK JAIPUR;BERÇO 216;02/11/2024 08:50;02/11/2024 22:04;Full Conteiner;MAERSK LINE A/S;Exportação & Importação
181;9612789;NC BRISA;BERÇO 216;02/11/2024 22:15;03/11/2024 08:30;Full Conteiner;NORCOAST LOGISTICA S.A.;Exportação & Importação
182;9633965;CAP SAN TAINARO;BERÇO 216;03/11/2024 13:54;04/11/2024 05:14;Full Conteiner;MAERSK LINE A/S;Exportação & Importação
183;9243174;MIRADOR EXPRESS;BERÇO 216;04/11/2024 05:50;05/11/2024 09:15;Full Conteiner;HAPAG - LLOYD CONTAINER LINE;Exportação & Importação
184;9702261;MSC SARA ELENA;BERÇO 216;05/11/2024 10:00;06/11/2024 17:45;Full Conteiner;MSC MEDITERRANEAN SHIPPING COMPANY;Exportação & Importação
185;9793923;SEASPAN HARRIER;BERÇO 216;07/11/2024 15:53;08/11/2024 08:12;Full Conteiner;OCEAN NETWORK EXPRESS PTE. LTD;Exportação & Importação
186;9398228;MSC NOA;BERÇO 216;09/11/2024 16:25;10/11/2024 13:15;Full Conteiner;MSC MEDITERRANEAN SHIPPING COMPANY;Exportação & Importação
187;9731913;COSCO SHIPPING DANUBE;BERÇO 216;10/11/2024 16:45;11/11/2024 06:20;Full Conteiner;COSCO CHINA OCEAN SHIPPING CO;Exportação & Importação
188;9526954;MAERSK LOTA;BERÇO 216;06/11/2024 18:18;07/11/2024 12:25;Full Conteiner;AP MOLLER MAERSK S.A;Exportação & Importação
189;9622253;SAN RAPHAEL MAERSK;BERÇO 216;11/11/2024 07:16;12/11/2024 01:30;Full Conteiner;MAERSK LINE A/S;Exportação & Importação
190;9360910;SEATTLE C;BERÇO 216;12/11/2024 18:30;13/11/2024 01:50;Full Conteiner;COSCO SHIPPING LINES CO LTD;Exportação & Importação
191;9727613;CAPE KORTIA;BERÇO 216;13/11/2024 13:25;14/11/2024 07:40;Full Conteiner;MSC MEDITERRANEAN SHIPPING COMPANY;Exportação & Importação
192;9687564;CORCOVADO;BERÇO 216;14/11/2024 15:00;15/11/2024 11:45;Full Conteiner;HAPAG - LLOYD CONTAINER LINE;Exportação & Importação
193;9793894;SALVADOR EXPRESS;BERÇO 216;15/11/2024 15:20;16/11/2024 07:50;Full Conteiner;HAPAG - LLOYD CONTAINER LINE;Exportação & Importação
194;9347619;HYUNDAI SUPREME;BERÇO 216;16/11/2024 08:20;16/11/2024 19:35;Full Conteiner;HMM CO., LTD.;Exportação & Importação
195;9720201;MSC DOMITILLE;BERÇO 216;18/11/2024 09:40;19/11/2024 02:40;Full Conteiner;MSC MEDITERRANEAN SHIPPING COMPANY;Exportação & Importação
196;9970002;GREENLAND;BERÇO 216;19/11/2024 06:10;19/11/2024 13:55;Full Conteiner;MSC MEDITERRANEAN SHIPPING COMPANY;Exportação & Importação
197;9723253;BREMERHAVEN EXPRESS;BERÇO 216;17/11/2024 12:00;18/11/2024 09:10;Full Conteiner;HAPAG - LLOYD CONTAINER LINE;Exportação & Importação
198;9938248;CMA CGM BAHIA;BERÇO 216;19/11/2024 15:00;20/11/2024 15:00;Full Conteiner;CMA-CGM SOCIÉTÉ ANONYME;Exportação & Importação
199;9214214;GSL ARCADIA;BERÇO 216;20/11/2024 15:32;21/11/2024 12:23;Full Conteiner;MAERSK LINE A/S;Exportação
200;9706205;CAPE TAINARO;BERÇO 216;21/11/2024 14:05;22/11/2024 18:50;Full Conteiner;MSC MEDITERRANEAN SHIPPING DO BRASIL LTDA;Exportação & Importação
201;9306196;PALENA;BERÇO 216;22/11/2024 19:45;23/11/2024 16:30;Full Conteiner;HAPAG LLOYD AKTIENGESELLSCHATT;Exportação & Importação
202;9727625;CAPE SOUNIO;BERÇO 216;23/11/2024 16:55;24/11/2024 08:25;Full Conteiner;MSC MEDITERRANEAN SHIPPING COMPANY;Exportação & Importação
203;9622253;SAN RAPHAEL MAERSK;BERÇO 216;24/11/2024 11:40;25/11/2024 10:48;Full Conteiner;MAERSK LINE A/S;Exportação & Importação
204;9952830;CMA CGM WISDOM;BERÇO 216;25/11/2024 12:14;26/11/2024 12:21;Full Conteiner;CMA-CGM SOCIÉTÉ ANONYME;Exportação & Importação
205;9778088;MSC MADHU B;BERÇO 216;27/11/2024 19:40;28/11/2024 14:55;Full Conteiner;MSC MEDITERRANEAN SHIPPING COMPANY;Exportação & Importação
206;9619426;MSC ALTAMIRA;BERÇO 216;28/11/2024 15:30;29/11/2024 14:40;Full Conteiner;MSC MEDITERRANEAN SHIPPING COMPANY;Exportação & Importação
207;9218686;CMA CGM HONG KONG;BERÇO 216;30/11/2024 15:30;01/12/2024 02:50;Full Conteiner;CMA-CGM SOCIÉTÉ ANONYME;Exportação & Importação
208;9526904;MAERSK LUZ;BERÇO 216;01/12/2024 21:15;02/12/2024 13:28;Full Conteiner;MAERSK LINE A/S;Exportação & Importação
209;9727613;CAPE KORTIA;BERÇO 216;02/12/2024 13:45;03/12/2024 15:40;Full Conteiner;MSC MEDITERRANEAN SHIPPING COMPANY;Exportação & Importação
210;9625530;HYUNDAI PREMIUM;BERÇO 218;10/10/2024 01:30;10/10/2024 11:50;Full Conteiner;HMM CO., LTD.;Exportação & Importação
211;9964194;MSC MARIAGRAZIA;BERÇO 218;10/10/2024 15:15;11/10/2024 07:00;Full Conteiner;MSC MEDITERRANEAN SHIPPING DO BRASIL LTDA;Exportação & Importação
212;9622215;SAN MARCO MAERSK;BERÇO 218;11/10/2024 11:42;11/10/2024 20:25;Full Conteiner;MAERSK LINE A/S;Exportação & Importação
213;9938274;CMA CGM SAO PAULO;BERÇO 218;12/10/2024 04:12;12/10/2024 19:54;Full Conteiner;CMA-CGM SOCIÉTÉ ANONYME;Exportação & Importação
214;9953391;IRENES WISDOM;BERÇO 218;12/10/2024 20:15;13/10/2024 18:15;Full Conteiner;HAPAG LLOYD AKTIENGESELLSCHATT;Exportação & Importação
215;9850903;EVER FULL;BERÇO 218;13/10/2024 18:30;14/10/2024 08:50;Full Conteiner;EVERGREEN LINE;Exportação & Importação
216;9718947;ATACAMA;BERÇO 218;13/10/2024 12:44;13/10/2024 21:55;Full Conteiner;NSC SHIPPING GMBH & CIE. KG.;Exportação & Importação
217;9777618;CARTAGENA EXPRESS;BERÇO 218;14/10/2024 18:20;15/10/2024 07:25;Full Conteiner;HAPAG - LLOYD CONTAINER LINE;Exportação & Importação
218;9285691;MSC VANCOUVER;BERÇO 218;15/10/2024 07:55;16/10/2024 03:15;Full Conteiner;MSC MEDITERRANEAN SHIPPING COMPANY;Exportação & Importação
219;9526966;MAERSK LEON;BERÇO 218;16/10/2024 03:50;17/10/2024 01:52;Full Conteiner;A.P MOLLER SINGAPORE PTE LTD.;Exportação & Importação
220;9525950;ALS VESTA;BERÇO 218;17/10/2024 01:50;17/10/2024 10:45;Full Conteiner;ZIM INTEGRATED SHIPPING SERVICE;Exportação & Importação
221;9612765;NC BREDA;BERÇO 218;17/10/2024 12:30;18/10/2024 05:50;Full Conteiner;NILE DUTCH AFRICA LINE BV;Exportação & Importação
222;9330707;HYUNDAI FORWARD;BERÇO 218;18/10/2024 06:15;18/10/2024 15:25;Full Conteiner;HMM CO., LTD.;Exportação & Importação
223;9622203;SAN NICOLAS MAERSK;BERÇO 218;18/10/2024 16:17;19/10/2024 03:05;Full Conteiner;MAERSK LINE A/S;Exportação & Importação
224;9595503;EVER LEADER;BERÇO 218;19/10/2024 17:20;20/10/2024 09:50;Full Conteiner;EVERGREEN;Exportação & Importação
225;9622239;SAN AUGUSTIN MAERSK;BERÇO 218;21/10/2024 07:53;22/10/2024 04:45;Full Conteiner;MAERSK LINE A/S;Exportação & Importação
226;9527063;MAERSK LABREA;BERÇO 218;20/10/2024 18:52;21/10/2024 07:29;Full Conteiner;MAERSK LINE A/S;Exportação & Importação
227;9288394;PL GERMANY;BERÇO 218;22/10/2024 23:26;23/10/2024 14:22;Full Conteiner;MAERSK LINE A/S;Exportação & Importação
228;9706308;CMA CGM AMAZON;BERÇO 218;23/10/2024 16:15;24/10/2024 16:40;Full Conteiner;CMA-CGM SOCIÉTÉ ANONYME;Exportação & Importação
229;9618317;MSC ATHOS;BERÇO 218;24/10/2024 17:00;25/10/2024 08:50;Full Conteiner;MSC MEDITERRANEAN SHIPPING COMPANY;Exportação & Importação
230;9312573;XIN WEI HAI;BERÇO 218;25/10/2024 08:50;25/10/2024 17:10;Full Conteiner;COSCO SHIPPING LINES CO LTD;Exportação & Importação
231;9633939;CAP SAN ARTEMISSIO;BERÇO 218;25/10/2024 17:47;26/10/2024 04:30;Full Conteiner;GREEN SPANKER SHIPPING S.A;Exportação & Importação
232;9722704;CMA CGM TANYA;BERÇO 218;27/10/2024 01:15;27/10/2024 20:24;Full Conteiner;CMA-CGM SOCIÉTÉ ANONYME;Exportação & Importação
233;9786736;SEASPAN OSPREY;BERÇO 218;28/10/2024 00:15;28/10/2024 19:03;Full Conteiner;OCEAN NETWORK EXPRESS PTE. LTD;Exportação & Importação
234;9938298;CMA CGM AMAZONIA;BERÇO 218;28/10/2024 20:00;29/10/2024 19:10;Full Conteiner;CMA-CGM SOCIÉTÉ ANONYME;Exportação & Importação
235;9225653;ALESSIA;BERÇO 218;29/10/2024 19:40;30/10/2024 10:25;Full Conteiner;MSC MEDITERRANEAN SHIPPING COMPANY;Exportação & Importação
236;9627904;TRAIGUEN;BERÇO 218;30/10/2024 14:40;31/10/2024 19:48;Full Conteiner;MAERSK LINE A/S;Exportação & Importação
237;9962574;MSC MARIE;BERÇO 218;31/10/2024 20:40;02/11/2024 01:15;Full Conteiner;MSC MEDITERRANEAN SHIPPING COMPANY;Exportação & Importação
238;9777175;CAPE ARTEMISIO;BERÇO 218;02/11/2024 03:10;02/11/2024 17:10;Full Conteiner;HAPAG - LLOYD CONTAINER LINE;Exportação & Importação
239;9629457;CARDIFF;BERÇO 218;02/11/2024 17:44;03/11/2024 07:47;Full Conteiner;CMA-CGM SOCIÉTÉ ANONYME;Exportação & Importação
240;9619438;MSC ALBANY;BERÇO 218;03/11/2024 08:45;04/11/2024 08:55;Full Conteiner;MSC MEDITERRANEAN SHIPPING COMPANY;Exportação & Importação
241;9463047;MSC EMMA;BERÇO 218;04/11/2024 09:20;05/11/2024 10:25;Full Conteiner;MSC MEDITERRANEAN SHIPPING COMPANY;Exportação & Importação
242;9727625;CAPE SOUNIO;BERÇO 218;05/11/2024 10:45;06/11/2024 17:15;Full Conteiner;MSC MEDITERRANEAN SHIPPING COMPANY;Exportação & Importação
243;9945851;COSCO SHIPPING URUGUAY;BERÇO 218;06/11/2024 18:10;07/11/2024 19:50;Full Conteiner;COSCO SHIPPING LINES CO LTD;Exportação & Importação
244;9633941;CAP SAN MALEAS;BERÇO 218;08/11/2024 08:21;08/11/2024 21:12;Full Conteiner;GREEN SPANKER SHIPPING S.A;Exportação & Importação
245;9625542;HYUNDAI PARAMOUNT;BERÇO 218;10/11/2024 02:00;10/11/2024 13:20;Full Conteiner;HYUNDAI MERCHANT MARINE;Exportação & Importação
246;9945473;ZIM USA;BERÇO 218;10/11/2024 15:45;11/11/2024 17:10;Full Conteiner;ZIM INTEGRATED SHIPPING SERVICE;Exportação & Importação
247;9458999;BROOKLYN BRIDGE;BERÇO 218;12/11/2024 01:35;12/11/2024 07:41;Full Conteiner;OCEAN NETWORK EXPRESS PTE. LTD;Exportação & Importação
248;9306471;GALLOWAY;BERÇO 218;09/11/2024 06:14;10/11/2024 01:36;Full Conteiner;MAERSK LINE A/S;Exportação & Importação
249;9722663;CMA CGM COLUMBIA;BERÇO 218;12/11/2024 17:40;13/11/2024 18:20;Full Conteiner;CMA-CGM SOCIÉTÉ ANONYME;Exportação & Importação
250;9283215;MONTE ROSA;BERÇO 218;13/11/2024 23:40;14/11/2024 17:22;Full Conteiner;A.P MOLLER SINGAPORE PTE LTD.;Exportação & Importação
251;9793959;KOTA PURI;BERÇO 218;15/11/2024 07:35;15/11/2024 22:45;Full Conteiner;PACIFIC INTERNATIONAL LINES;Exportação & Importação
252;9938377;PRESIDENT LB JOHNSON;BERÇO 218;15/11/2024 23:28;16/11/2024 14:22;Full Conteiner;CMA CGM AGENCES FRANCE SAS / CMA CGM LOGISTICS;Exportação & Importação
253;9309277;MONA LISA;BERÇO 218;16/11/2024 14:40;17/11/2024 09:15;Full Conteiner;HAPAG LLOYD AKTIENGESELLSCHATT;Exportação & Importação
254;9622241;SAN ANTONIO MAERSK;BERÇO 218;18/11/2024 06:25;19/11/2024 00:28;Full Conteiner;MAERSK LINE A/S;Exportação & Importação
255;9786736;SEASPAN OSPREY;BERÇO 218;19/11/2024 01:52;19/11/2024 19:20;Full Conteiner;OCEAN NETWORK EXPRESS PTE. LTD;Exportação & Importação
256;9526899;MAERSK LA PAZ;BERÇO 218;17/11/2024 14:45;18/11/2024 05:25;Full Conteiner;MAERSK SHIPPING HONG KONG LTD.;Exportação & Importação
257;9527051;MAERSK LAMANAI;BERÇO 218;20/11/2024 02:33;21/11/2024 11:27;Full Conteiner;MAERSK SHIPPING HONG KONG LTD.;Exportação & Importação
258;9793947;MSC SIYA B;BERÇO 218;21/11/2024 12:15;22/11/2024 14:55;Full Conteiner;MSC MEDITERRANEAN SHIPPING COMPANY;Exportação & Importação
259;9330719;HYUNDAI UNITY;BERÇO 218;22/11/2024 15:45;23/11/2024 04:50;Full Conteiner;HMM CO., LTD.;Exportação & Importação
260;9720524;MSC CLEA;BERÇO 218;23/11/2024 05:40;24/11/2024 03:50;Full Conteiner;MSC MEDITERRANEAN SHIPPING COMPANY;Exportação & Importação
261;9731951;COSCO SHIPPING RHINE;BERÇO 218;24/11/2024 03:50;24/11/2024 14:50;Full Conteiner;COSCO CHINA OCEAN SHIPPING CO;Exportação & Importação
262;9526930;MAERSK LEBU;BERÇO 218;24/11/2024 15:32;25/11/2024 08:21;Full Conteiner;AP MOLLER MAERSK S.A;Exportação & Importação
263;9314935;AS CAROLINA;BERÇO 218;25/11/2024 08:50;25/11/2024 13:45;Full Conteiner;ZIM INTEGRATED SHIPPING SERVICE;Exportação & Importação
264;9312559;XIN CHANG SHA;BERÇO 218;26/11/2024 10:15;26/11/2024 13:45;Full Conteiner;COSCO CONTAINER LINES;Exportação & Importação
265;9526966;MAERSK LEON;BERÇO 218;27/11/2024 00:48;27/11/2024 22:27;Full Conteiner;A.P MOLLER SINGAPORE PTE LTD.;Exportação & Importação
266;9622227;SAN LORENZO MAERSK;BERÇO 218;28/11/2024 07:13;29/11/2024 07:26;Full Conteiner;MAERSK LINE A/S;Exportação & Importação
267;9622241;SAN ANTONIO MAERSK;BERÇO 218;29/11/2024 07:54;30/11/2024 02:15;Full Conteiner;MAERSK LINE A/S;Exportação & Importação
268;9725134;HYUNDAI JUPITER;BERÇO 218;30/11/2024 02:45;30/11/2024 22:15;Full Conteiner;HMM CO., LTD.;Exportação & Importação
269;9850812;EVER FINE;BERÇO 218;01/12/2024 16:50;02/12/2024 15:10;Full Conteiner;EVERGREEN LINE;Exportação & Importação
270;9622215;SAN MARCO MAERSK;BERÇO 218;02/12/2024 16:50;03/12/2024 11:21;Full Conteiner;MAERSK LINE A/S;Exportação & Importação
271;9793894;SALVADOR EXPRESS;BERÇO 218;01/12/2024 03:30;01/12/2024 13:20;Full Conteiner;HAPAG - LLOYD CONTAINER LINE;Exportação & Importação
272;9398216;MSC ANTONIA;BERÇO 218;03/12/2024 12:55;03/12/2024 23:20;Full Conteiner;MSC MEDITERRANEAN SHIPPING COMPANY;Exportação & Importação
273;9604938;EURASIAN HIGHWAY;BERÇO 219;10/10/2024 22:50;11/10/2024 19:10;RO-RO;KAWASAKI KISEN KAISHA LTD;Exportação & Importação
274;9316141;ARC RESOLVE;BERÇO 219;16/10/2024 02:55;16/10/2024 20:05;RO-RO;WALLENIUS WILHELMSEN LOGISTICS;Exportação & Importação
275;9565546;CHESAPEAKE HIGHWAY;BERÇO 219;18/10/2024 04:40;19/10/2024 05:35;PCC;KAWASAKI KISEN KAISHA LTD;Exportação & Importação
276;9213806;SIRIUS LEADER;BERÇO 219;25/10/2024 23:00;26/10/2024 08:20;PCC;NYK LINE;Exportação & Importação
277;9442885;ADRIATIC HIGHWAY;BERÇO 219;26/10/2024 20:15;27/10/2024 13:10;PCC;KAWASAKI KISEN KAISHA LTD;Exportação & Importação
278;9442885;ADRIATIC HIGHWAY;BERÇO 219;17/11/2024 16:45;18/11/2024 09:40;PCC;KAWASAKI KISEN KAISHA LTD;Exportação & Importação
279;9316141;ARC RESOLVE;BERÇO 219;03/12/2024 05:00;03/12/2024 16:30;RO-RO;WALLENIUS WILHELMSEN LOGISTICS;Exportação & Importação
280;9489900;SERGIO BUARQUE DE HOLANDA;PIÉR PÚBLICO EXTERNO;14/10/2024 02:40;15/10/2024 07:30;Granel Líquido;PETROBRAS TRANSPORTES S/A - TRANSPETRO;Importação
281;9865752;MERSEY;PIÉR PÚBLICO EXTERNO;17/10/2024 23:50;19/10/2024 04:45;Granel Líquido;SHINTOKU PANAMA S.A.;Importação
282;9941300;NORD MARINER;PIÉR PÚBLICO EXTERNO;19/10/2024 07:20;20/10/2024 03:45;Granel Líquido;EVER BRIGHT SHIPPING S.A;Importação
283;9814167;NORD JEWEL;PIÉR PÚBLICO EXTERNO;20/10/2024 06:50;22/10/2024 05:25;Granel Líquido;NORIENT PRODUCT POOL;Importação
284;9555307;SALSA;PIÉR PÚBLICO EXTERNO;24/10/2024 13:00;25/10/2024 19:20;Granel Líquido;SALSA MARINE S.A.;Importação
285;9489900;SERGIO BUARQUE DE HOLANDA;PIÉR PÚBLICO EXTERNO;25/10/2024 21:15;26/10/2024 19:30;Granel Líquido;PETROBRAS TRANSPORTES S/A - TRANSPETRO;Importação
286;9489900;SERGIO BUARQUE DE HOLANDA;PIÉR PÚBLICO EXTERNO;31/10/2024 11:00;01/11/2024 17:50;Granel Líquido;PETROBRAS TRANSPORTES S/A - TRANSPETRO;Importação
287;9301914;PANTERA;PIÉR PÚBLICO EXTERNO;01/11/2024 18:50;03/11/2024 20:05;Granel Líquido;RHINE MARINE SERVICES PVT LTD;Importação
288;9305867;MINERVA RITA;PIÉR PÚBLICO EXTERNO;06/11/2024 13:40;07/11/2024 17:45;Granel Líquido;TRAFIGURA PTE LTD.;Importação
289;9447768;MAERSK MALAGA;PIÉR PÚBLICO EXTERNO;08/11/2024 18:40;09/11/2024 19:20;Granel Líquido;MAERSK TANKERS SINGAPORE PTE;Exportação
290;9489900;SERGIO BUARQUE DE HOLANDA;PIÉR PÚBLICO EXTERNO;09/11/2024 23:20;11/11/2024 01:20;Granel Líquido;PETROBRAS TRANSPORTES S/A - TRANSPETRO;Importação
291;9865776;EDEN;PIÉR PÚBLICO EXTERNO;13/11/2024 11:50;14/11/2024 11:35;Granel Líquido;BANC OF AMERICA LEASING CAPITAL, LLC;Importação
292;9416393;HONESTY;PIÉR PÚBLICO EXTERNO;18/11/2024 21:35;20/11/2024 06:35;Granel Líquido;SEA PIONEER SHIPPING CORP.;Importação
293;9353113;KAVYA;PIÉR PÚBLICO EXTERNO;21/11/2024 17:40;23/11/2024 23:25;Granel Líquido;SPRING MARINE MANAGEMENT SA;Importação
294;9338814;JOYCE;PIÉR PÚBLICO EXTERNO;26/11/2024 01:20;29/11/2024 12:00;Granel Líquido;PRODUCTS TANKERS;Importação
295;9307827;MINERVA VIRGO;PIÉR PÚBLICO EXTERNO;29/11/2024 19:40;01/12/2024 09:35;Granel Líquido;MINERVA MARINE INC.;Importação
296;9555307;SALSA;PIÉR PÚBLICO INTERNO;10/10/2024 15:30;11/10/2024 19:20;Granel Líquido;SALSA MARINE S.A.;Importação
297;9439357;OWL 5;PIÉR PÚBLICO INTERNO;13/10/2024 13:10;14/10/2024 13:20;Granel Líquido;SOKANA SHIPPING & TRADING LTD;Importação
298;9711494;OTHONI;PIÉR PÚBLICO INTERNO;17/10/2024 16:50;18/10/2024 17:20;Granel Líquido;OCM MARITIME LENA LCC;Importação
299;9436343;CUMBIA 1;PIÉR PÚBLICO INTERNO;20/10/2024 09:00;21/10/2024 22:30;Granel Líquido;SCORPIO MR POOL LTD;Importação
300;9301914;PANTERA;PIÉR PÚBLICO INTERNO;24/10/2024 18:10;26/10/2024 20:00;Granel Líquido;RHINE MARINE SERVICES PVT LTD;Importação
301;9332315;MISHELL;PIÉR PÚBLICO INTERNO;27/10/2024 03:35;31/10/2024 03:05;Granel Líquido;Heroic Uranus Inc;Importação
302;9367671;MINERVA MEDITERRANEA;PIÉR PÚBLICO INTERNO;01/11/2024 16:50;05/11/2024 20:10;Granel Líquido;OBTAINER SHIPMANAGEMENT CORP.;Importação
303;9711494;OTHONI;PIÉR PÚBLICO INTERNO;05/11/2024 20:40;06/11/2024 21:15;Granel Líquido;OCM MARITIME LENA LCC;Importação
304;9956410;BOCHEM CASABLANCA;PIÉR PÚBLICO INTERNO;06/11/2024 21:40;08/11/2024 01:30;Granel Líquido;STOLT NIELSEN TRANSPORTATION GROUP B.V.;Importação
305;9850202;TAKAROA SUN;PIÉR PÚBLICO INTERNO;08/11/2024 09:35;12/11/2024 02:10;Granel Líquido;WATERFRONT SHIPPING;Importação
306;9542178;ASP LILY;PIÉR PÚBLICO INTERNO;18/11/2024 13:20;21/11/2024 09:55;Granel Líquido;WOMAR UK LTD;Exportação
307;9555307;SALSA;PIÉR PÚBLICO INTERNO;21/11/2024 18:15;22/11/2024 18:50;Granel Líquido;SALSA MARINE S.A.;Importação
308;9363780;TWINKLE STAR;PIÉR PÚBLICO INTERNO;22/11/2024 23:15;25/11/2024 13:00;Granel Líquido;PRODUCT SHIPPING AND TRADING S.A.;Importação
309;9313436;PEONIA;PIÉR PÚBLICO INTERNO;26/11/2024 01:00;27/11/2024 01:10;Granel Líquido;POSIDONIA SHIPPING & TRADING LTDA;Importação
310;9829409;ARCTOS;PIÉR PÚBLICO INTERNO;27/11/2024 18:00;28/11/2024 16:50;Granel Líquido;LIBERO PANAMA S.A;Importação
311;9836452;CLYDE;PIÉR PÚBLICO INTERNO;29/11/2024 19:25;30/11/2024 19:20;Granel Líquido;MANSEL LTD;Exportação
312;9407392;HORIZON THEANO;PIÉR PÚBLICO INTERNO;30/11/2024 20:00;02/12/2024 04:30;Granel Líquido;HANDYTANKERS K/S;Importação
313;9266762;JAG;CATTALINI EXTERNO;10/10/2024 01:50;14/10/2024 22:45;Granel Líquido;ROYALIST MANAGEMENT INC;Importação
314;9396749;CASSIOPEIA II;CATTALINI EXTERNO;15/10/2024 01:18;17/10/2024 08:55;Granel Líquido;SEA TRADE MARINE SA;Importação
315;9975301;FAIRCHEM PATHFINDER;CATTALINI EXTERNO;17/10/2024 10:50;18/10/2024 10:10;Granel Líquido;FAIRFIELD CHEMICAL CARRIERS;Exportação & Importação
316;9814167;NORD JEWEL;CATTALINI EXTERNO;18/10/2024 13:10;19/10/2024 15:25;Granel Líquido;NORIENT PRODUCT POOL;Importação
317;9252448;BOURDA;CATTALINI EXTERNO;23/10/2024 12:15;25/10/2024 02:55;Granel Líquido;IMS S/A;Exportação
318;9314167;AGNES;CATTALINI EXTERNO;25/10/2024 03:50;31/10/2024 18:50;Granel Líquido;WESTANKER LDT;Importação
319;9854806;TORM STELLAR;CATTALINI EXTERNO;31/10/2024 21:45;03/11/2024 13:15;Granel Líquido;BUNGE S/A;Importação
320;9989194;BOW LYNX;CATTALINI EXTERNO;03/11/2024 15:45;04/11/2024 12:45;Granel Líquido;Odfjell Tankers A/S;Importação
321;9288760;SUNNY VICTORY;CATTALINI EXTERNO;04/11/2024 23:10;06/11/2024 14:00;Granel Líquido;SV MRS LLC;Exportação
322;9732802;TRF MOBILE;CATTALINI EXTERNO;06/11/2024 14:37;09/11/2024 23:40;Granel Líquido;WLR/TRF HMN8 HOLDINGS IV LLC;Importação
323;9777400;BOW TUNGSTEN;CATTALINI EXTERNO;10/11/2024 01:35;10/11/2024 18:50;Granel Líquido;Odfjell Tankers A/S;Importação
324;9798351;ELDIA;CATTALINI EXTERNO;11/11/2024 15:35;17/11/2024 06:15;Granel Líquido;EASTERN MEDITERRANEAN MARITIME LTD;Importação
325;9276688;MARITIME TUNTIGA;CATTALINI EXTERNO;17/11/2024 09:50;20/11/2024 13:25;Granel Líquido;AURORA TANKERS;Importação
326;9657806;PS HAMBURG;CATTALINI EXTERNO;20/11/2024 16:00;23/11/2024 01:10;Granel Líquido;COLUMBIA SHIPMANAGEMENT;Exportação
327;9276688;MARITIME TUNTIGA;CATTALINI EXTERNO;23/11/2024 02:35;25/11/2024 03:00;Granel Líquido;AURORA TANKERS;Importação
328;9690614;HAFNIA VIRIDIAN;CATTALINI EXTERNO;25/11/2024 05:25;25/11/2024 21:00;Granel Líquido;HAFNIA CHEM SHIPHOLDING PTE;Exportação
329;9827059;NORD VALOROUS;CATTALINI EXTERNO;25/11/2024 23:03;27/11/2024 06:37;Granel Líquido;MAGNUS LINE INC;Exportação
330;9568495;SAKURA ADVANCE;CATTALINI EXTERNO;29/11/2024 08:00;01/12/2024 11:30;Granel Líquido;COURAGEOUS & KSK (PANAMA ) S. A.;Importação
331;9725823;CAIFU CHAO;CATTALINI INTERNO;10/10/2024 02:25;11/10/2024 14:00;Granel Líquido;ULTRATANK;Importação
332;9298387;DELONIX;CATTALINI INTERNO;13/10/2024 07:40;16/10/2024 09:20;Granel Líquido;MERMAN MARITIME CO;Importação
333;9725859;BOCHEM WALVIS BAY;CATTALINI INTERNO;16/10/2024 10:11;17/10/2024 02:30;Granel Líquido;GREATHORSE CHEMIICAL CHARTERING (HK) LTD;Exportação
334;9834155;CASTARA;CATTALINI INTERNO;18/10/2024 15:00;20/10/2024 15:25;Granel Líquido;BLUE WAKE SHIPPING PTE., LTD.;Importação
335;9568495;SAKURA ADVANCE;CATTALINI INTERNO;22/10/2024 12:15;24/10/2024 01:40;Granel Líquido;COURAGEOUS & KSK (PANAMA ) S. A.;Importação
336;9371775;HUEMUL;CATTALINI INTERNO;24/10/2024 03:12;26/10/2024 09:18;Granel Líquido;GEM SHIPPING;Importação
337;9805910;FAIRCHEM FORTITUDE;CATTALINI INTERNO;26/10/2024 12:20;28/10/2024 08:46;Granel Líquido;FAIRFIELD CHEMICAL CARRIERS;Importação
338;9725823;CAIFU CHAO;CATTALINI INTERNO;28/10/2024 09:43;30/10/2024 13:52;Granel Líquido;ULTRATANK;Importação
339;9829758;GINGA COPPER;CATTALINI INTERNO;31/10/2024 08:45;01/11/2024 15:05;Granel Líquido;FAIRFIELD CHEMICAL CARRIERS;Importação
340;9804813;FAIRCHEM HAWK;CATTALINI INTERNO;01/11/2024 16:00;03/11/2024 22:20;Granel Líquido;FAIRFIELD CHEMICAL CARRIERS INC;Importação
341;9396737;SKYLIGHT;CATTALINI INTERNO;04/11/2024 17:35;10/11/2024 06:50;Granel Líquido;FALCON MARITIME A/S;Importação
342;9952165;BOW LEOPARD;CATTALINI INTERNO;10/11/2024 14:50;11/11/2024 21:30;Granel Líquido;Odfjell Tankers A/S;Importação
343;9866782;BOW PERSISTENT;CATTALINI INTERNO;12/11/2024 00:55;13/11/2024 07:55;Granel Líquido;Odfjell Tankers A/S;Exportação
344;9542178;ASP LILY;CATTALINI INTERNO;13/11/2024 09:05;15/11/2024 08:55;Granel Líquido;WOMAR UK LTD;Importação
345;9477531;SHAMROCK MERCURY;CATTALINI INTERNO;16/11/2024 09:40;17/11/2024 11:10;Granel Líquido;MERCURY TRANSPORTE S.A;Importação
346;9724013;MANCHAC SUN;CATTALINI INTERNO;19/11/2024 13:30;21/11/2024 07:25;Granel Líquido;WATERFRONT SHIPPING;Importação
347;9834155;CASTARA;CATTALINI INTERNO;23/11/2024 03:00;26/11/2024 18:40;Granel Líquido;BLUE WAKE SHIPPING PTE., LTD.;Importação
348;9724013;MANCHAC SUN;CATTALINI INTERNO;26/11/2024 20:00;01/12/2024 08:55;Granel Líquido;WATERFRONT SHIPPING;Importação
